CNAE,n_ocup_pond,renda_total_pond,n_empregador_pond,renda_empregador_pond,n_conta_propria_pond,renda_conta_propria_pond,Renda Média_Total,Renda Média_empregador,Renda Média_conta_propria,Trimestre
0.0,881.98231059,0.0,0.0,0.0,881.98231059,0.0,0.0,,0.0,1T2021
1102.0,40149.2717389,111753.92928699999,0.0,0.0,30656.196909609997,111753.92928699999,2.7834609308423235,,3.645394424380402,1T2021
1105.0,40742.89771783,0.0,0.0,0.0,3440.41879446,0.0,0.0,,0.0,1T2021
1108.0,33624.36859287,0.0,0.0,0.0,20974.1416067,0.0,0.0,,0.0,1T2021
1109.0,80999.75240652001,0.0,1721.38716729,0.0,58808.61225223,0.0,0.0,0.0,0.0,1T2021
1110.0,26115.57018099,0.0,0.0,0.0,12016.0164267,0.0,0.0,,0.0,1T2021
1111.0,5641.992863750001,0.0,0.0,0.0,3824.86950674,0.0,0.0,,0.0,1T2021
1115.0,8740.62225849,0.0,0.0,0.0,1569.77079984,0.0,0.0,,0.0,1T2021
1116.0,17879.774818979997,0.0,0.0,0.0,10530.409262209998,0.0,0.0,,0.0,1T2021
1117.0,12642.703883180002,0.0,0.0,0.0,2845.36216779,0.0,0.0,,0.0,1T2021
1119.0,18818.94674184,513474.5840425,0.0,0.0,14055.54408739,513474.5840425,27.284979924030306,,36.531818394932586,1T2021
1201.0,27051.56125014,0.0,0.0,0.0,13376.6593179,0.0,0.0,,0.0,1T2021
1202.0,402.87844564,0.0,402.87844564,0.0,0.0,0.0,0.0,0.0,,1T2021
1203.0,6624.41684041,0.0,0.0,0.0,5019.55566209,0.0,0.0,,0.0,1T2021
1204.0,2054.76665109,0.0,0.0,0.0,1227.50333072,0.0,0.0,,0.0,1T2021
1205.0,9734.02553309,0.0,1403.92407646,0.0,925.3678796300001,0.0,0.0,0.0,0.0,1T2021
1206.0,411.2745055,0.0,0.0,0.0,205.63725275,0.0,0.0,,0.0,1T2021
1209.0,1129.41333753,0.0,0.0,0.0,1129.41333753,0.0,0.0,,0.0,1T2021
1401.0,1276.5880565500001,0.0,0.0,0.0,931.49236811,0.0,0.0,,0.0,1T2021
1402.0,1666.18516055,0.0,0.0,0.0,1070.38354714,0.0,0.0,,0.0,1T2021
1999.0,217.99845458,0.0,0.0,0.0,0.0,0.0,0.0,,,1T2021
2000.0,2754.26579657,0.0,0.0,0.0,155.88242536,0.0,0.0,,0.0,1T2021
3001.0,7821.35638069,0.0,818.07714506,0.0,6028.25256356,0.0,0.0,0.0,0.0,1T2021
3002.0,2713.4250549,0.0,0.0,0.0,2520.30418854,0.0,0.0,,0.0,1T2021
6000.0,546.998985,0.0,0.0,0.0,0.0,0.0,0.0,,,1T2021
7002.0,2407.36381805,0.0,0.0,0.0,0.0,0.0,0.0,,,1T2021
8001.0,4707.6235687,0.0,0.0,0.0,0.0,0.0,0.0,,,1T2021
8002.0,1173.78465802,0.0,0.0,0.0,1173.78465802,0.0,0.0,,0.0,1T2021
10010.0,11206.51280435,0.0,0.0,0.0,0.0,0.0,0.0,,,1T2021
10021.0,1510.09133669,0.0,0.0,0.0,408.07911213,0.0,0.0,,0.0,1T2021
10030.0,11353.21187753,0.0,0.0,0.0,8745.75023981,0.0,0.0,,0.0,1T2021
10091.0,12627.165819220001,0.0,0.0,0.0,0.0,0.0,0.0,,,1T2021
10092.0,12238.25537238,0.0,0.0,0.0,0.0,0.0,0.0,,,1T2021
10099.0,14373.538945580001,0.0,0.0,0.0,0.0,0.0,0.0,,,1T2021
11000.0,6129.27294987,0.0,0.0,0.0,0.0,0.0,0.0,,,1T2021
13001.0,6784.90256724,0.0,0.0,0.0,1025.96601694,0.0,0.0,,0.0,1T2021
13002.0,10385.74246855,0.0,468.46853909,0.0,4904.302561609999,0.0,0.0,0.0,0.0,1T2021
14001.0,99537.67525142,0.0,3901.09581025,0.0,35360.509279499995,0.0,0.0,0.0,0.0,1T2021
14002.0,26213.06057292,0.0,1459.74527102,0.0,19591.56675478,0.0,0.0,0.0,0.0,1T2021
15012.0,880.5934536,0.0,0.0,0.0,624.69802902,0.0,0.0,,0.0,1T2021
15020.0,1625.0015129600001,0.0,0.0,0.0,1625.0015129600001,0.0,0.0,,0.0,1T2021
16002.0,5547.64470713,0.0,0.0,0.0,2927.06918885,0.0,0.0,,0.0,1T2021
17001.0,861.18455408,0.0,0.0,0.0,0.0,0.0,0.0,,,1T2021
17002.0,6783.650381120001,0.0,0.0,0.0,528.10939402,0.0,0.0,,0.0,1T2021
18000.0,9895.157553829999,0.0,0.0,0.0,1837.0062764599998,0.0,0.0,,0.0,1T2021
19020.0,1551.46885196,0.0,0.0,0.0,0.0,0.0,0.0,,,1T2021
20010.0,387.89048317,0.0,0.0,0.0,0.0,0.0,0.0,,,1T2021
20020.0,6250.730812719999,0.0,0.0,0.0,0.0,0.0,0.0,,,1T2021
21000.0,2191.14388874,0.0,0.0,0.0,0.0,0.0,0.0,,,1T2021
22020.0,9276.050697749999,0.0,0.0,0.0,0.0,0.0,0.0,,,1T2021
23010.0,644.38654234,0.0,0.0,0.0,0.0,0.0,0.0,,,1T2021
23091.0,12481.787596260001,0.0,0.0,0.0,0.0,0.0,0.0,,,1T2021
23099.0,11507.394813639998,0.0,0.0,0.0,219.04066752,0.0,0.0,,0.0,1T2021
24001.0,1297.94920389,0.0,0.0,0.0,0.0,0.0,0.0,,,1T2021
24002.0,2676.49019978,0.0,0.0,0.0,0.0,0.0,0.0,,,1T2021
25001.0,16819.65973002,0.0,0.0,0.0,6904.65287496,0.0,0.0,,0.0,1T2021
25002.0,2797.4884026,0.0,0.0,0.0,1413.05106886,0.0,0.0,,0.0,1T2021
26041.0,849.30471217,0.0,0.0,0.0,0.0,0.0,0.0,,,1T2021
27090.0,8624.666796729998,0.0,0.0,0.0,0.0,0.0,0.0,,,1T2021
28000.0,6067.577955860001,0.0,0.0,0.0,0.0,0.0,0.0,,,1T2021
29001.0,7453.697533769999,0.0,0.0,0.0,0.0,0.0,0.0,,,1T2021
29002.0,1702.0964664199996,0.0,0.0,0.0,0.0,0.0,0.0,,,1T2021
30010.0,379.92973295,0.0,0.0,0.0,0.0,0.0,0.0,,,1T2021
31000.0,11704.484500650002,0.0,0.0,0.0,4146.0677926,0.0,0.0,,0.0,1T2021
32009.0,4831.41355001,0.0,0.0,0.0,2061.17327205,0.0,0.0,,0.0,1T2021
33001.0,3302.4883574299997,0.0,0.0,0.0,1587.14060752,0.0,0.0,,0.0,1T2021
33002.0,465.21136607,0.0,0.0,0.0,465.21136607,0.0,0.0,,0.0,1T2021
35010.0,8719.5651531,0.0,0.0,0.0,0.0,0.0,0.0,,,1T2021
36000.0,5117.06027217,0.0,0.0,0.0,309.87755424,0.0,0.0,,0.0,1T2021
38000.0,3238.35851645,0.0,0.0,0.0,144.39313298,0.0,0.0,,0.0,1T2021
41000.0,156572.31868044997,0.0,206.13245984,0.0,91298.73025511,0.0,0.0,0.0,0.0,1T2021
42000.0,13722.93593731,0.0,0.0,0.0,1287.6233092100001,0.0,0.0,,0.0,1T2021
43000.0,51256.49849523,0.0,552.62507207,0.0,26131.34321082,0.0,0.0,0.0,0.0,1T2021
45010.0,6573.3398678700005,0.0,0.0,0.0,480.77060296,0.0,0.0,,0.0,1T2021
45020.0,68042.84211771,0.0,2137.73765866,0.0,26573.56135959,0.0,0.0,0.0,0.0,1T2021
45030.0,6817.479715880001,0.0,0.0,0.0,0.0,0.0,0.0,,,1T2021
45040.0,10974.373643010002,0.0,0.0,0.0,2715.6575755400004,0.0,0.0,,0.0,1T2021
48010.0,3427.7783182,0.0,0.0,0.0,285.67225008,0.0,0.0,,0.0,1T2021
48020.0,4032.0924613999996,0.0,0.0,0.0,2195.87620289,0.0,0.0,,0.0,1T2021
48030.0,156858.07884366997,0.0,6123.53513591,0.0,63610.14112382999,0.0,0.0,0.0,0.0,1T2021
48041.0,6247.01788434,0.0,0.0,0.0,1250.42730669,0.0,0.0,,0.0,1T2021
48042.0,63670.76324106001,0.0,2193.34488501,0.0,31114.32806085,0.0,0.0,0.0,0.0,1T2021
48050.0,29251.49198116,0.0,307.36402261,0.0,1757.05175621,0.0,0.0,0.0,0.0,1T2021
48060.0,12972.47101107,0.0,0.0,0.0,0.0,0.0,0.0,,,1T2021
48071.0,65342.000140170014,0.0,0.0,0.0,39682.76454213001,0.0,0.0,,0.0,1T2021
48072.0,3778.6524091,0.0,0.0,0.0,1751.86087737,0.0,0.0,,0.0,1T2021
48073.0,24918.98087522,0.0,0.0,0.0,4832.77110071,0.0,0.0,,0.0,1T2021
48074.0,5015.773699789999,0.0,598.43577102,0.0,870.47533488,0.0,0.0,0.0,0.0,1T2021
48075.0,5062.01939877,0.0,0.0,0.0,0.0,0.0,0.0,,,1T2021
48076.0,14305.82618047,0.0,0.0,0.0,4780.6376166499995,0.0,0.0,,0.0,1T2021
48078.0,6572.72345734,0.0,0.0,0.0,3445.48310752,0.0,0.0,,0.0,1T2021
48079.0,36417.5398413,0.0,3253.20016495,0.0,12876.577119920003,0.0,0.0,0.0,0.0,1T2021
48080.0,67240.55699931999,0.0,824.22479877,0.0,114.81289102,0.0,0.0,0.0,0.0,1T2021
48090.0,6503.35098343,0.0,0.0,0.0,0.0,0.0,0.0,,,1T2021
48100.0,43312.37446400001,0.0,268.51696221,0.0,36514.196247960004,0.0,0.0,0.0,0.0,1T2021
49010.0,1054.24254233,0.0,0.0,0.0,0.0,0.0,0.0,,,1T2021
49030.0,97883.0695657,0.0,0.0,0.0,80329.86755177,0.0,0.0,,0.0,1T2021
49040.0,52635.279677709994,0.0,1726.054465,0.0,14733.209523129997,0.0,0.0,0.0,0.0,1T2021
51000.0,881.95521218,0.0,0.0,0.0,0.0,0.0,0.0,,,1T2021
52010.0,1036.50509762,0.0,0.0,0.0,0.0,0.0,0.0,,,1T2021
52020.0,3690.28895819,0.0,0.0,0.0,405.08631163,0.0,0.0,,0.0,1T2021
53001.0,3475.57437813,0.0,0.0,0.0,0.0,0.0,0.0,,,1T2021
53002.0,26773.599186990003,0.0,0.0,0.0,25543.317748140005,0.0,0.0,,0.0,1T2021
55000.0,13221.82449512,0.0,0.0,0.0,0.0,0.0,0.0,,,1T2021
56011.0,112447.59532831998,0.0,2728.4003241,0.0,29731.66320789,0.0,0.0,0.0,0.0,1T2021
56012.0,34155.59453927,0.0,0.0,0.0,29273.01788824,0.0,0.0,,0.0,1T2021
56020.0,24973.41580719,0.0,0.0,0.0,24020.95461865,0.0,0.0,,0.0,1T2021
60001.0,1133.30662824,0.0,0.0,0.0,0.0,0.0,0.0,,,1T2021
61000.0,12494.055353040001,0.0,2702.81621105,0.0,508.59611415,0.0,0.0,0.0,0.0,1T2021
62000.0,18784.69805024,0.0,0.0,0.0,5408.411063760001,0.0,0.0,,0.0,1T2021
63000.0,983.96258384,0.0,0.0,0.0,0.0,0.0,0.0,,,1T2021
64000.0,30788.47197652,0.0,0.0,0.0,0.0,0.0,0.0,,,1T2021
65000.0,1058.06361878,0.0,0.0,0.0,0.0,0.0,0.0,,,1T2021
66001.0,478.68920426,0.0,0.0,0.0,0.0,0.0,0.0,,,1T2021
66002.0,6179.565813769999,0.0,0.0,0.0,1811.7674231400001,0.0,0.0,,0.0,1T2021
68000.0,20765.18559104,0.0,0.0,0.0,7434.64789935,0.0,0.0,,0.0,1T2021
69000.0,32180.115938699997,0.0,0.0,0.0,15484.0481327,0.0,0.0,,0.0,1T2021
70000.0,1732.51445173,0.0,0.0,0.0,0.0,0.0,0.0,,,1T2021
71000.0,8526.36830598,0.0,0.0,0.0,2909.9900636,0.0,0.0,,0.0,1T2021
73010.0,3257.50838091,0.0,0.0,0.0,400.51649404,0.0,0.0,,0.0,1T2021
73020.0,381.57712024,0.0,0.0,0.0,0.0,0.0,0.0,,,1T2021
74000.0,7348.143686189999,0.0,0.0,0.0,7348.143686189999,0.0,0.0,,0.0,1T2021
75000.0,945.5160286400001,0.0,0.0,0.0,0.0,0.0,0.0,,,1T2021
77010.0,557.64158899,0.0,0.0,0.0,208.8684875,0.0,0.0,,0.0,1T2021
77020.0,5197.4365621,0.0,0.0,0.0,0.0,0.0,0.0,,,1T2021
78000.0,33839.629727980006,0.0,0.0,0.0,873.05049866,0.0,0.0,,0.0,1T2021
79000.0,910.84566062,0.0,0.0,0.0,0.0,0.0,0.0,,,1T2021
80000.0,21016.648854960004,0.0,0.0,0.0,2110.40145365,0.0,0.0,,0.0,1T2021
81011.0,19356.72432108,0.0,0.0,0.0,0.0,0.0,0.0,,,1T2021
81012.0,20159.80924773,0.0,0.0,0.0,0.0,0.0,0.0,,,1T2021
81020.0,17800.27537174,0.0,0.0,0.0,17800.27537174,0.0,0.0,,0.0,1T2021
82001.0,1599.06991075,0.0,0.0,0.0,0.0,0.0,0.0,,,1T2021
82002.0,8637.61057632,0.0,0.0,0.0,0.0,0.0,0.0,,,1T2021
82003.0,3948.9187495799997,0.0,0.0,0.0,852.15294106,0.0,0.0,,0.0,1T2021
82009.0,5654.33427757,0.0,0.0,0.0,987.96406537,0.0,0.0,,0.0,1T2021
84011.0,8888.953938210001,0.0,0.0,0.0,0.0,0.0,0.0,,,1T2021
84012.0,17245.35450281,0.0,0.0,0.0,0.0,0.0,0.0,,,1T2021
84013.0,123753.33118596,0.0,0.0,0.0,0.0,0.0,0.0,,,1T2021
84014.0,13532.26049479,0.0,0.0,0.0,0.0,0.0,0.0,,,1T2021
84015.0,3654.62967439,0.0,0.0,0.0,0.0,0.0,0.0,,,1T2021
84016.0,51299.387440189996,0.0,0.0,0.0,0.0,0.0,0.0,,,1T2021
84017.0,6449.517750610001,0.0,0.0,0.0,0.0,0.0,0.0,,,1T2021
84020.0,669.7033498000001,0.0,0.0,0.0,0.0,0.0,0.0,,,1T2021
85011.0,6482.9132743400005,0.0,0.0,0.0,1383.8353566,0.0,0.0,,0.0,1T2021
85012.0,106551.81373211999,0.0,0.0,0.0,1130.62137654,0.0,0.0,,0.0,1T2021
85013.0,43669.80426481,0.0,0.0,0.0,0.0,0.0,0.0,,,1T2021
85014.0,13529.723634630001,0.0,0.0,0.0,0.0,0.0,0.0,,,1T2021
85029.0,17377.57415615,0.0,0.0,0.0,7168.308638530001,0.0,0.0,,0.0,1T2021
86001.0,84421.3766353,0.0,0.0,0.0,2137.29794815,0.0,0.0,,0.0,1T2021
86002.0,56426.972060529995,0.0,2670.8469561399997,0.0,0.0,0.0,0.0,0.0,,1T2021
86003.0,3941.3863530300005,0.0,0.0,0.0,0.0,0.0,0.0,,,1T2021
86004.0,16980.646048709998,0.0,0.0,0.0,8169.41766293,0.0,0.0,,0.0,1T2021
86009.0,1678.91154064,0.0,0.0,0.0,1113.74501254,0.0,0.0,,0.0,1T2021
87000.0,10963.057080890001,0.0,0.0,0.0,0.0,0.0,0.0,,,1T2021
90000.0,2983.8228472,0.0,0.0,0.0,2455.71345318,0.0,0.0,,0.0,1T2021
92000.0,3353.23678971,0.0,0.0,0.0,1013.85550618,0.0,0.0,,0.0,1T2021
93011.0,3085.57557294,0.0,0.0,0.0,0.0,0.0,0.0,,,1T2021
93012.0,11559.135814770001,0.0,0.0,0.0,1254.7825926,0.0,0.0,,0.0,1T2021
94010.0,3527.2232016899998,0.0,0.0,0.0,0.0,0.0,0.0,,,1T2021
94020.0,1097.4731221,0.0,0.0,0.0,0.0,0.0,0.0,,,1T2021
94091.0,8654.120717329999,0.0,0.0,0.0,5656.513769739999,0.0,0.0,,0.0,1T2021
94099.0,530.89916792,0.0,0.0,0.0,0.0,0.0,0.0,,,1T2021
95010.0,8059.7787170699985,0.0,0.0,0.0,5204.08710125,0.0,0.0,,0.0,1T2021
95030.0,22156.300469150003,0.0,0.0,0.0,12915.39798858,0.0,0.0,,0.0,1T2021
96010.0,2721.07365663,0.0,0.0,0.0,0.0,0.0,0.0,,,1T2021
96020.0,89219.108118,0.0,5158.15526945,0.0,77405.42321427,0.0,0.0,0.0,0.0,1T2021
96030.0,8203.45991255,0.0,0.0,0.0,0.0,0.0,0.0,,,1T2021
96090.0,6660.325332189998,0.0,0.0,0.0,4081.3271175200002,0.0,0.0,,0.0,1T2021
97000.0,161689.86501217,0.0,0.0,0.0,0.0,0.0,0.0,,,1T2021
0.0,2075.76454754,0.0,0.0,0.0,825.16316684,0.0,0.0,,0.0,2T2021
1102.0,51243.51217409999,158606.73066,0.0,0.0,37463.588273090005,158606.73066,3.095157297593755,,4.233623578815775,2T2021
1105.0,31631.34980009,0.0,0.0,0.0,4225.70826198,0.0,0.0,,0.0,2T2021
1108.0,37927.78399886999,0.0,0.0,0.0,28390.862650629995,0.0,0.0,,0.0,2T2021
1109.0,78508.94300291,978388.4828659999,1735.24599734,0.0,51746.619326980006,978388.4828659999,12.462127821918772,0.0,18.907292796920572,2T2021
1110.0,23506.46383593,0.0,0.0,0.0,14203.069240509998,0.0,0.0,,0.0,2T2021
1111.0,3343.0678755500003,0.0,0.0,0.0,2788.53203475,0.0,0.0,,0.0,2T2021
1115.0,6539.3972484099995,0.0,0.0,0.0,3044.88541876,0.0,0.0,,0.0,2T2021
1116.0,9436.588870799998,0.0,0.0,0.0,5535.903104609999,0.0,0.0,,0.0,2T2021
1117.0,15837.84745777,0.0,0.0,0.0,2984.7024175300007,0.0,0.0,,0.0,2T2021
1119.0,20518.64188406,0.0,0.0,0.0,15589.751895249998,0.0,0.0,,0.0,2T2021
1201.0,20568.597307999997,0.0,0.0,0.0,8783.32056047,0.0,0.0,,0.0,2T2021
1203.0,8538.48904711,0.0,0.0,0.0,4685.34819425,0.0,0.0,,0.0,2T2021
1204.0,442.80863224,0.0,0.0,0.0,442.80863224,0.0,0.0,,0.0,2T2021
1205.0,6958.190266660001,0.0,0.0,0.0,630.72653605,0.0,0.0,,0.0,2T2021
1401.0,1202.91154916,0.0,0.0,0.0,860.30188377,0.0,0.0,,0.0,2T2021
1402.0,1124.89620145,0.0,0.0,0.0,1124.89620145,0.0,0.0,,0.0,2T2021
1999.0,900.99310542,0.0,0.0,0.0,297.64846215,0.0,0.0,,0.0,2T2021
2000.0,2532.63357314,0.0,0.0,0.0,153.27578993,0.0,0.0,,0.0,2T2021
3001.0,4991.47731285,0.0,0.0,0.0,4736.80851631,0.0,0.0,,0.0,2T2021
3002.0,4860.962721559999,0.0,0.0,0.0,3252.84572612,0.0,0.0,,0.0,2T2021
6000.0,1208.66845394,0.0,0.0,0.0,0.0,0.0,0.0,,,2T2021
7002.0,1937.78315194,0.0,0.0,0.0,0.0,0.0,0.0,,,2T2021
8001.0,5089.35579201,0.0,0.0,0.0,1034.54958617,0.0,0.0,,0.0,2T2021
10010.0,15439.24613383,0.0,0.0,0.0,0.0,0.0,0.0,,,2T2021
10030.0,7954.4540632200005,0.0,0.0,0.0,5508.563019790001,0.0,0.0,,0.0,2T2021
10091.0,6081.25261709,0.0,0.0,0.0,0.0,0.0,0.0,,,2T2021
10092.0,10914.900862810002,0.0,0.0,0.0,0.0,0.0,0.0,,,2T2021
10099.0,13357.38492508,0.0,0.0,0.0,0.0,0.0,0.0,,,2T2021
11000.0,6433.18182706,0.0,0.0,0.0,0.0,0.0,0.0,,,2T2021
13001.0,3702.36557187,0.0,0.0,0.0,331.61533561,0.0,0.0,,0.0,2T2021
13002.0,17472.72298447,0.0,0.0,0.0,7762.6724435900005,0.0,0.0,,0.0,2T2021
14001.0,105449.34320392998,0.0,1640.16742116,0.0,36602.662067740006,0.0,0.0,0.0,0.0,2T2021
14002.0,18744.476558959996,0.0,878.33254037,0.0,15590.39805876,0.0,0.0,0.0,0.0,2T2021
15020.0,1783.9035910900002,0.0,0.0,0.0,961.8141123600001,0.0,0.0,,0.0,2T2021
16001.0,276.41341944,0.0,0.0,0.0,0.0,0.0,0.0,,,2T2021
16002.0,8023.009062070001,0.0,0.0,0.0,4182.543216800001,0.0,0.0,,0.0,2T2021
17001.0,298.13584032,0.0,0.0,0.0,0.0,0.0,0.0,,,2T2021
17002.0,7268.53057443,0.0,0.0,0.0,691.691348,0.0,0.0,,0.0,2T2021
18000.0,5348.586288120001,0.0,0.0,0.0,1009.94318746,0.0,0.0,,0.0,2T2021
19020.0,400.79386851000004,0.0,0.0,0.0,0.0,0.0,0.0,,,2T2021
20010.0,361.5873777,0.0,0.0,0.0,0.0,0.0,0.0,,,2T2021
20020.0,5756.358744610001,0.0,0.0,0.0,0.0,0.0,0.0,,,2T2021
21000.0,1955.0762491300002,0.0,0.0,0.0,0.0,0.0,0.0,,,2T2021
22020.0,7831.09621411,0.0,0.0,0.0,0.0,0.0,0.0,,,2T2021
23010.0,671.00256915,0.0,0.0,0.0,0.0,0.0,0.0,,,2T2021
23091.0,9292.39157555,0.0,0.0,0.0,1013.43516174,0.0,0.0,,0.0,2T2021
23099.0,6979.783290110001,0.0,0.0,0.0,190.31665467,0.0,0.0,,0.0,2T2021
24001.0,1180.26303568,0.0,0.0,0.0,0.0,0.0,0.0,,,2T2021
25001.0,15617.846983720003,0.0,0.0,0.0,6535.222816449999,0.0,0.0,,0.0,2T2021
25002.0,3554.3676660300002,0.0,0.0,0.0,2429.7133977900003,0.0,0.0,,0.0,2T2021
26041.0,838.30462277,0.0,0.0,0.0,0.0,0.0,0.0,,,2T2021
27090.0,8625.88916269,0.0,0.0,0.0,282.84947844,0.0,0.0,,0.0,2T2021
28000.0,3807.23249553,0.0,0.0,0.0,0.0,0.0,0.0,,,2T2021
29001.0,14246.059848389998,0.0,0.0,0.0,0.0,0.0,0.0,,,2T2021
29002.0,1745.24679827,0.0,0.0,0.0,0.0,0.0,0.0,,,2T2021
30010.0,395.7643154,0.0,0.0,0.0,0.0,0.0,0.0,,,2T2021
31000.0,21725.57762786,0.0,0.0,0.0,9606.441491519998,0.0,0.0,,0.0,2T2021
32009.0,1313.2830684,0.0,0.0,0.0,863.2079819999999,0.0,0.0,,0.0,2T2021
33001.0,6198.96186665,0.0,0.0,0.0,1484.64127448,0.0,0.0,,0.0,2T2021
33002.0,512.3173487,0.0,0.0,0.0,512.3173487,0.0,0.0,,0.0,2T2021
35010.0,7667.60193619,0.0,0.0,0.0,0.0,0.0,0.0,,,2T2021
36000.0,2633.6747408600004,0.0,0.0,0.0,0.0,0.0,0.0,,,2T2021
38000.0,3370.31821685,0.0,0.0,0.0,0.0,0.0,0.0,,,2T2021
39000.0,403.33582595,0.0,0.0,0.0,0.0,0.0,0.0,,,2T2021
41000.0,181549.38199245,0.0,0.0,0.0,109014.16528269,0.0,0.0,,0.0,2T2021
42000.0,18476.557673,0.0,0.0,0.0,0.0,0.0,0.0,,,2T2021
43000.0,61036.713975490005,0.0,554.40832555,0.0,36480.47515682,0.0,0.0,0.0,0.0,2T2021
45010.0,4420.06532287,0.0,0.0,0.0,548.89067032,0.0,0.0,,0.0,2T2021
45020.0,63616.67731095,0.0,2204.92623093,0.0,23761.537123119997,0.0,0.0,0.0,0.0,2T2021
45030.0,6407.788972209999,0.0,0.0,0.0,198.65664606,0.0,0.0,,0.0,2T2021
45040.0,11893.612503270002,0.0,0.0,0.0,4782.39770627,0.0,0.0,,0.0,2T2021
48010.0,663.57169072,0.0,0.0,0.0,0.0,0.0,0.0,,,2T2021
48020.0,3201.4349488199996,0.0,0.0,0.0,941.75110074,0.0,0.0,,0.0,2T2021
48030.0,139609.48340603,0.0,4178.94588224,0.0,50167.106607960006,0.0,0.0,0.0,0.0,2T2021
48041.0,4827.1482027,0.0,0.0,0.0,2254.9364138,0.0,0.0,,0.0,2T2021
48042.0,67464.53333796,0.0,688.48337539,0.0,35079.76608109,0.0,0.0,0.0,0.0,2T2021
48050.0,34759.42562920001,0.0,419.86192419,0.0,1885.57587545,0.0,0.0,0.0,0.0,2T2021
48060.0,18624.07806417,0.0,0.0,0.0,0.0,0.0,0.0,,,2T2021
48071.0,69933.60005993998,0.0,1649.7301745,0.0,38582.188782000005,0.0,0.0,0.0,0.0,2T2021
48072.0,1161.07536553,0.0,0.0,0.0,749.674046,0.0,0.0,,0.0,2T2021
48073.0,30475.20318015,0.0,166.17333505,0.0,4185.3747307,0.0,0.0,0.0,0.0,2T2021
48074.0,3824.5437574200005,0.0,819.50188866,0.0,1207.5563577799999,0.0,0.0,0.0,0.0,2T2021
48075.0,5387.9010842,0.0,0.0,0.0,0.0,0.0,0.0,,,2T2021
48076.0,13835.655059439998,0.0,0.0,0.0,3151.36774845,0.0,0.0,,0.0,2T2021
48078.0,7383.21695397,0.0,0.0,0.0,5419.44877507,0.0,0.0,,0.0,2T2021
48079.0,30282.050601540006,0.0,1520.19433211,0.0,12113.96354972,0.0,0.0,0.0,0.0,2T2021
48080.0,60440.16253173,0.0,1074.06939167,0.0,179.69889196,0.0,0.0,0.0,0.0,2T2021
48090.0,8156.18558292,0.0,0.0,0.0,430.63441963,0.0,0.0,,0.0,2T2021
48100.0,43834.15655769,0.0,263.82846582,0.0,40732.766708749994,0.0,0.0,0.0,0.0,2T2021
49010.0,1986.4549767900003,0.0,0.0,0.0,0.0,0.0,0.0,,,2T2021
49030.0,88030.05908137001,0.0,0.0,0.0,71729.68829141,0.0,0.0,,0.0,2T2021
49040.0,44342.6702051,0.0,1029.25819961,0.0,14624.078068749997,0.0,0.0,0.0,0.0,2T2021
51000.0,1369.10644793,0.0,0.0,0.0,0.0,0.0,0.0,,,2T2021
52010.0,10985.94577563,0.0,0.0,0.0,10077.84637861,0.0,0.0,,0.0,2T2021
52020.0,5185.457501450001,0.0,0.0,0.0,0.0,0.0,0.0,,,2T2021
53001.0,3395.0718790499996,0.0,0.0,0.0,0.0,0.0,0.0,,,2T2021
53002.0,16720.8512497,0.0,0.0,0.0,15910.924672639998,0.0,0.0,,0.0,2T2021
55000.0,21820.162451579996,0.0,0.0,0.0,0.0,0.0,0.0,,,2T2021
56011.0,114096.96279163001,0.0,3324.10592854,0.0,35273.79621664,0.0,0.0,0.0,0.0,2T2021
56012.0,38511.12597942,0.0,0.0,0.0,30339.22590686,0.0,0.0,,0.0,2T2021
56020.0,34594.1789422,0.0,0.0,0.0,32693.060703119998,0.0,0.0,,0.0,2T2021
60002.0,989.02846299,0.0,0.0,0.0,709.99979487,0.0,0.0,,0.0,2T2021
61000.0,12468.341097199998,0.0,689.71922567,0.0,841.95480228,0.0,0.0,0.0,0.0,2T2021
62000.0,16012.20657969,0.0,0.0,0.0,3501.93847168,0.0,0.0,,0.0,2T2021
63000.0,1509.80734699,0.0,0.0,0.0,747.04765173,0.0,0.0,,0.0,2T2021
64000.0,24264.46056045,0.0,0.0,0.0,0.0,0.0,0.0,,,2T2021
65000.0,3364.17317466,0.0,0.0,0.0,0.0,0.0,0.0,,,2T2021
66001.0,384.74689146,0.0,0.0,0.0,0.0,0.0,0.0,,,2T2021
66002.0,6008.67540913,0.0,0.0,0.0,2161.79004238,0.0,0.0,,0.0,2T2021
68000.0,20997.58973853,0.0,0.0,0.0,5830.088036259999,0.0,0.0,,0.0,2T2021
69000.0,40792.603211990005,0.0,0.0,0.0,22074.44545406,0.0,0.0,,0.0,2T2021
70000.0,2241.30388529,0.0,0.0,0.0,379.75721277,0.0,0.0,,0.0,2T2021
71000.0,9350.224388100001,0.0,0.0,0.0,2383.89594299,0.0,0.0,,0.0,2T2021
73010.0,5502.96269253,0.0,1134.77694155,0.0,563.75858791,0.0,0.0,0.0,0.0,2T2021
74000.0,6255.065995919999,0.0,0.0,0.0,5196.8023882200005,0.0,0.0,,0.0,2T2021
75000.0,198.24597914,0.0,0.0,0.0,0.0,0.0,0.0,,,2T2021
77010.0,1325.8406518,0.0,0.0,0.0,238.91558887,0.0,0.0,,0.0,2T2021
77020.0,6171.201206680001,0.0,0.0,0.0,0.0,0.0,0.0,,,2T2021
78000.0,40680.53363215999,0.0,0.0,0.0,643.8900723,0.0,0.0,,0.0,2T2021
79000.0,2648.5706571499995,0.0,0.0,0.0,0.0,0.0,0.0,,,2T2021
80000.0,20511.135028869998,0.0,0.0,0.0,1422.0535961399999,0.0,0.0,,0.0,2T2021
81011.0,29363.102320759997,0.0,0.0,0.0,2584.72164594,0.0,0.0,,0.0,2T2021
81012.0,23200.76656185,0.0,0.0,0.0,0.0,0.0,0.0,,,2T2021
82001.0,3316.13094353,0.0,0.0,0.0,705.24458347,0.0,0.0,,0.0,2T2021
82002.0,11019.08055603,0.0,0.0,0.0,0.0,0.0,0.0,,,2T2021
82003.0,1862.55549871,0.0,0.0,0.0,1099.02937669,0.0,0.0,,0.0,2T2021
82009.0,2057.44932357,0.0,0.0,0.0,321.29027379,0.0,0.0,,0.0,2T2021
84011.0,10371.65650757,0.0,0.0,0.0,0.0,0.0,0.0,,,2T2021
84012.0,16030.846835420003,0.0,0.0,0.0,0.0,0.0,0.0,,,2T2021
84013.0,125542.44584827,0.0,0.0,0.0,0.0,0.0,0.0,,,2T2021
84014.0,7828.5242640999995,0.0,0.0,0.0,0.0,0.0,0.0,,,2T2021
84015.0,5092.6716387999995,0.0,0.0,0.0,0.0,0.0,0.0,,,2T2021
84016.0,49748.88796382,0.0,0.0,0.0,0.0,0.0,0.0,,,2T2021
84017.0,6217.387065260001,0.0,0.0,0.0,0.0,0.0,0.0,,,2T2021
84020.0,1050.60927728,0.0,0.0,0.0,0.0,0.0,0.0,,,2T2021
85011.0,4914.16357929,0.0,0.0,0.0,0.0,0.0,0.0,,,2T2021
85012.0,104913.56925358999,0.0,0.0,0.0,1632.48140783,0.0,0.0,,0.0,2T2021
85013.0,46332.57075870999,0.0,0.0,0.0,0.0,0.0,0.0,,,2T2021
85014.0,12313.495203929999,0.0,0.0,0.0,0.0,0.0,0.0,,,2T2021
85029.0,13931.849349839998,0.0,0.0,0.0,7774.55965512,0.0,0.0,,0.0,2T2021
86001.0,82029.71164221,0.0,0.0,0.0,2225.85383284,0.0,0.0,,0.0,2T2021
86002.0,44166.19085888,0.0,1816.52133065,0.0,0.0,0.0,0.0,0.0,,2T2021
86003.0,7057.761995850001,0.0,0.0,0.0,0.0,0.0,0.0,,,2T2021
86004.0,17359.11055418,0.0,0.0,0.0,9274.83857302,0.0,0.0,,0.0,2T2021
86009.0,1514.9400672,0.0,0.0,0.0,953.61379166,0.0,0.0,,0.0,2T2021
87000.0,5671.456928379999,0.0,0.0,0.0,0.0,0.0,0.0,,,2T2021
90000.0,5740.319973580001,0.0,0.0,0.0,2579.73611763,0.0,0.0,,0.0,2T2021
92000.0,10563.08755046,0.0,0.0,0.0,4411.31382459,0.0,0.0,,0.0,2T2021
93011.0,1555.56826968,0.0,0.0,0.0,0.0,0.0,0.0,,,2T2021
93012.0,9737.11493756,0.0,0.0,0.0,1103.87694104,0.0,0.0,,0.0,2T2021
93020.0,544.44835421,0.0,0.0,0.0,544.44835421,0.0,0.0,,0.0,2T2021
94010.0,538.18767779,0.0,0.0,0.0,0.0,0.0,0.0,,,2T2021
94020.0,5157.88647469,0.0,0.0,0.0,0.0,0.0,0.0,,,2T2021
94091.0,5462.21908169,0.0,0.0,0.0,3410.2204004699997,0.0,0.0,,0.0,2T2021
94099.0,801.31676009,0.0,0.0,0.0,0.0,0.0,0.0,,,2T2021
95010.0,6024.91178222,0.0,0.0,0.0,3979.86524839,0.0,0.0,,0.0,2T2021
95030.0,21182.24939271,0.0,0.0,0.0,15171.107314109999,0.0,0.0,,0.0,2T2021
96010.0,6759.27673671,0.0,0.0,0.0,1354.13252972,0.0,0.0,,0.0,2T2021
96020.0,93690.33368596,0.0,3109.73870989,0.0,83592.63198800999,0.0,0.0,0.0,0.0,2T2021
96030.0,8520.712239960001,0.0,0.0,0.0,0.0,0.0,0.0,,,2T2021
96090.0,6435.011280200001,0.0,0.0,0.0,3278.28450862,0.0,0.0,,0.0,2T2021
97000.0,167730.08708252996,0.0,0.0,0.0,0.0,0.0,0.0,,,2T2021
0.0,7334.37170724,0.0,0.0,0.0,4785.22194898,0.0,0.0,,0.0,3T2021
1102.0,59903.42045991,172445.878867,153.90934804,0.0,41794.92441768,172445.878867,2.8787317576031968,0.0,4.126000495745658,3T2021
1103.0,263.40868695,0.0,0.0,0.0,0.0,0.0,0.0,,,3T2021
1105.0,33593.48029224,0.0,0.0,0.0,1707.49984172,0.0,0.0,,0.0,3T2021
1108.0,32765.149044679994,0.0,0.0,0.0,23727.86211005,0.0,0.0,,0.0,3T2021
1109.0,77469.83550415,254690.74206098,0.0,0.0,51125.92465913,254690.74206098,3.2876117575767463,,4.981635907009413,3T2021
1110.0,23410.73534262,0.0,0.0,0.0,14351.295238949999,0.0,0.0,,0.0,3T2021
1111.0,2198.01911432,0.0,0.0,0.0,2198.01911432,0.0,0.0,,0.0,3T2021
1112.0,293.56401774,0.0,0.0,0.0,0.0,0.0,0.0,,,3T2021
1115.0,7871.639137370002,0.0,0.0,0.0,1397.71902864,0.0,0.0,,0.0,3T2021
1116.0,16565.727447690002,0.0,0.0,0.0,9236.34074195,0.0,0.0,,0.0,3T2021
1117.0,19821.72417585,0.0,220.554658,0.0,7293.317673920001,0.0,0.0,0.0,0.0,3T2021
1119.0,11767.57672508,0.0,0.0,0.0,6177.897308370001,0.0,0.0,,0.0,3T2021
1201.0,24821.04486789,0.0,327.27742389,0.0,6855.70285108,0.0,0.0,0.0,0.0,3T2021
1203.0,5358.189517979999,0.0,0.0,0.0,3758.4463743300003,0.0,0.0,,0.0,3T2021
1204.0,2141.71267049,0.0,0.0,0.0,2141.71267049,0.0,0.0,,0.0,3T2021
1205.0,10773.3642459,574415.351202,0.0,0.0,2615.29564446,574415.351202,53.31810362028781,,219.63687066079444,3T2021
1209.0,442.53374436,0.0,0.0,0.0,442.53374436,0.0,0.0,,0.0,3T2021
1401.0,1777.40651805,0.0,0.0,0.0,1194.27855011,0.0,0.0,,0.0,3T2021
1402.0,347.89136532,0.0,0.0,0.0,0.0,0.0,0.0,,,3T2021
2000.0,2174.99349567,0.0,0.0,0.0,1365.5244221300002,0.0,0.0,,0.0,3T2021
3001.0,3626.62228781,0.0,0.0,0.0,3098.4216846099994,0.0,0.0,,0.0,3T2021
3002.0,1941.4435575499997,0.0,575.01730801,0.0,1240.8902097599998,0.0,0.0,0.0,0.0,3T2021
6000.0,1103.5344637,0.0,0.0,0.0,0.0,0.0,0.0,,,3T2021
7002.0,940.8843001199999,0.0,0.0,0.0,0.0,0.0,0.0,,,3T2021
8001.0,1815.7167971,0.0,0.0,0.0,0.0,0.0,0.0,,,3T2021
8009.0,492.59795509,0.0,0.0,0.0,492.59795509,0.0,0.0,,0.0,3T2021
10010.0,13755.701072720001,0.0,0.0,0.0,358.4124114,0.0,0.0,,0.0,3T2021
10021.0,1431.31995235,0.0,0.0,0.0,612.66380138,0.0,0.0,,0.0,3T2021
10030.0,4399.88940555,0.0,0.0,0.0,3099.82222025,0.0,0.0,,0.0,3T2021
10091.0,8309.669534019999,0.0,0.0,0.0,227.76398163,0.0,0.0,,0.0,3T2021
10092.0,11794.31092724,0.0,0.0,0.0,0.0,0.0,0.0,,,3T2021
10099.0,17701.228507740005,0.0,0.0,0.0,0.0,0.0,0.0,,,3T2021
11000.0,4956.3894679899995,0.0,0.0,0.0,0.0,0.0,0.0,,,3T2021
13001.0,3836.4709766799997,0.0,0.0,0.0,1535.59211462,0.0,0.0,,0.0,3T2021
13002.0,13637.99380607,0.0,0.0,0.0,7959.26755163,0.0,0.0,,0.0,3T2021
14001.0,104243.180301,0.0,1334.32190176,0.0,36665.40956891001,0.0,0.0,0.0,0.0,3T2021
14002.0,27922.453822209998,0.0,5354.5280019,0.0,19522.928788580004,0.0,0.0,0.0,0.0,3T2021
15012.0,2050.1160017600005,0.0,0.0,0.0,321.87011796,0.0,0.0,,0.0,3T2021
15020.0,2830.98113898,0.0,0.0,0.0,811.73085492,0.0,0.0,,0.0,3T2021
16001.0,462.21472958,0.0,0.0,0.0,0.0,0.0,0.0,,,3T2021
16002.0,7410.3559842,0.0,0.0,0.0,2969.96298968,0.0,0.0,,0.0,3T2021
17001.0,343.51427527,0.0,0.0,0.0,0.0,0.0,0.0,,,3T2021
17002.0,7472.022368100001,0.0,0.0,0.0,1810.51690014,0.0,0.0,,0.0,3T2021
18000.0,6150.91130312,0.0,0.0,0.0,3076.5770485499997,0.0,0.0,,0.0,3T2021
19020.0,1009.42777972,0.0,0.0,0.0,0.0,0.0,0.0,,,3T2021
19030.0,59.59368531,0.0,0.0,0.0,0.0,0.0,0.0,,,3T2021
20010.0,802.52954658,0.0,0.0,0.0,0.0,0.0,0.0,,,3T2021
20020.0,3102.23355696,0.0,0.0,0.0,1680.82157204,0.0,0.0,,0.0,3T2021
21000.0,1922.92736568,0.0,0.0,0.0,0.0,0.0,0.0,,,3T2021
22010.0,1232.26102606,0.0,0.0,0.0,0.0,0.0,0.0,,,3T2021
22020.0,11254.11625533,0.0,0.0,0.0,501.61622758,0.0,0.0,,0.0,3T2021
23010.0,1046.15554806,0.0,0.0,0.0,0.0,0.0,0.0,,,3T2021
23091.0,6061.8229028999995,0.0,0.0,0.0,1955.47660004,0.0,0.0,,0.0,3T2021
23099.0,13025.263247870002,0.0,0.0,0.0,1759.46980576,0.0,0.0,,0.0,3T2021
24001.0,2495.54772642,0.0,0.0,0.0,0.0,0.0,0.0,,,3T2021
24002.0,2003.64282555,0.0,0.0,0.0,0.0,0.0,0.0,,,3T2021
25001.0,18895.1210648,0.0,692.59223889,0.0,7050.95588262,0.0,0.0,0.0,0.0,3T2021
25002.0,4607.174902119999,0.0,0.0,0.0,2871.75726703,0.0,0.0,,0.0,3T2021
27090.0,7804.1194275100015,0.0,0.0,0.0,0.0,0.0,0.0,,,3T2021
28000.0,970.28241273,0.0,0.0,0.0,0.0,0.0,0.0,,,3T2021
29001.0,13378.42277548,0.0,0.0,0.0,0.0,0.0,0.0,,,3T2021
29002.0,3391.92938386,0.0,0.0,0.0,0.0,0.0,0.0,,,3T2021
30010.0,741.75957634,0.0,0.0,0.0,0.0,0.0,0.0,,,3T2021
31000.0,20346.064869970003,0.0,0.0,0.0,6837.57375374,0.0,0.0,,0.0,3T2021
32001.0,376.24359599,0.0,0.0,0.0,0.0,0.0,0.0,,,3T2021
32009.0,2063.3107212699997,0.0,0.0,0.0,0.0,0.0,0.0,,,3T2021
33001.0,4666.0895729,0.0,0.0,0.0,1288.0408319,0.0,0.0,,0.0,3T2021
33002.0,3073.71402088,0.0,0.0,0.0,1396.3998158699999,0.0,0.0,,0.0,3T2021
35010.0,7106.57375435,0.0,0.0,0.0,0.0,0.0,0.0,,,3T2021
36000.0,3222.50365367,0.0,0.0,0.0,0.0,0.0,0.0,,,3T2021
38000.0,6330.24907889,0.0,0.0,0.0,0.0,0.0,0.0,,,3T2021
39000.0,455.59915748,0.0,0.0,0.0,0.0,0.0,0.0,,,3T2021
41000.0,188644.13275808,0.0,227.67288593,0.0,111803.02164228,0.0,0.0,0.0,0.0,3T2021
42000.0,20917.058272809998,0.0,0.0,0.0,126.9876923,0.0,0.0,,0.0,3T2021
43000.0,48389.19955544,0.0,494.78531113,0.0,33027.78200205,0.0,0.0,0.0,0.0,3T2021
45010.0,6262.883419060001,0.0,0.0,0.0,936.3804298299999,0.0,0.0,,0.0,3T2021
45020.0,69607.45554259,0.0,1751.01174128,0.0,25857.218495060002,0.0,0.0,0.0,0.0,3T2021
45030.0,10951.089237139999,0.0,0.0,0.0,1348.89357446,0.0,0.0,,0.0,3T2021
45040.0,11644.29518006,0.0,0.0,0.0,5373.615407249999,0.0,0.0,,0.0,3T2021
48010.0,2813.60139025,0.0,0.0,0.0,733.74352139,0.0,0.0,,0.0,3T2021
48020.0,3795.44790576,0.0,0.0,0.0,1544.22011049,0.0,0.0,,0.0,3T2021
48030.0,162771.39146617,0.0,3357.54968637,0.0,60567.71592174,0.0,0.0,0.0,0.0,3T2021
48041.0,4122.01814382,0.0,0.0,0.0,2182.23672982,0.0,0.0,,0.0,3T2021
48042.0,82136.14365429,0.0,3919.10043591,0.0,37497.57871106002,0.0,0.0,0.0,0.0,3T2021
48050.0,30002.56852713,0.0,116.89692474,0.0,2332.34869918,0.0,0.0,0.0,0.0,3T2021
48060.0,17262.03135645,0.0,0.0,0.0,0.0,0.0,0.0,,,3T2021
48071.0,71531.79154292999,0.0,1973.69742219,0.0,32434.879442769998,0.0,0.0,0.0,0.0,3T2021
48072.0,4479.84475418,0.0,0.0,0.0,221.62945258,0.0,0.0,,0.0,3T2021
48073.0,36015.85695933,0.0,0.0,0.0,6366.93663935,0.0,0.0,,0.0,3T2021
48074.0,4745.68615565,0.0,784.57051409,0.0,716.27853594,0.0,0.0,0.0,0.0,3T2021
48075.0,3825.38406713,0.0,0.0,0.0,656.82942764,0.0,0.0,,0.0,3T2021
48076.0,10043.83537771,0.0,0.0,0.0,1270.88802686,0.0,0.0,,0.0,3T2021
48078.0,9484.961290860001,0.0,0.0,0.0,8871.62480159,0.0,0.0,,0.0,3T2021
48079.0,42401.311492860004,0.0,186.0442759,0.0,15101.300376560004,0.0,0.0,0.0,0.0,3T2021
48080.0,61093.697416400006,0.0,0.0,0.0,0.0,0.0,0.0,,,3T2021
48090.0,7270.073939949999,0.0,877.87720758,0.0,812.1113062,0.0,0.0,0.0,0.0,3T2021
48100.0,52710.53631850999,0.0,354.96249712,0.0,42550.12282407,0.0,0.0,0.0,0.0,3T2021
49010.0,2169.62059638,0.0,0.0,0.0,0.0,0.0,0.0,,,3T2021
49030.0,97341.71045189,0.0,544.73597941,0.0,80217.07305846002,0.0,0.0,0.0,0.0,3T2021
49040.0,55602.20233531,0.0,0.0,0.0,18450.13162182,0.0,0.0,,0.0,3T2021
50000.0,870.97223274,0.0,0.0,0.0,0.0,0.0,0.0,,,3T2021
51000.0,2814.6722862799998,0.0,0.0,0.0,0.0,0.0,0.0,,,3T2021
52010.0,1534.2526049900002,0.0,0.0,0.0,1118.15131375,0.0,0.0,,0.0,3T2021
52020.0,7285.337739579999,0.0,0.0,0.0,305.56871193,0.0,0.0,,0.0,3T2021
53001.0,3176.9977685199997,0.0,0.0,0.0,0.0,0.0,0.0,,,3T2021
53002.0,18154.638481269998,0.0,0.0,0.0,14013.60925486,0.0,0.0,,0.0,3T2021
55000.0,15652.873922770003,0.0,0.0,0.0,0.0,0.0,0.0,,,3T2021
56011.0,123550.48124423999,0.0,2433.61744321,0.0,38939.674330680005,0.0,0.0,0.0,0.0,3T2021
56012.0,32427.72398535,0.0,0.0,0.0,24397.968663639997,0.0,0.0,,0.0,3T2021
56020.0,33404.26852848,0.0,0.0,0.0,31073.39507239,0.0,0.0,,0.0,3T2021
58000.0,1146.60614001,0.0,0.0,0.0,0.0,0.0,0.0,,,3T2021
59000.0,2227.04781487,0.0,0.0,0.0,1318.67368568,0.0,0.0,,0.0,3T2021
60001.0,837.83409029,0.0,0.0,0.0,0.0,0.0,0.0,,,3T2021
60002.0,1348.15859998,0.0,0.0,0.0,632.46388443,0.0,0.0,,0.0,3T2021
61000.0,17179.05722085,0.0,0.0,0.0,2909.06933504,0.0,0.0,,0.0,3T2021
62000.0,13030.57620414,0.0,0.0,0.0,4461.55050795,0.0,0.0,,0.0,3T2021
63000.0,1499.32769525,0.0,0.0,0.0,762.48852977,0.0,0.0,,0.0,3T2021
64000.0,19135.10689452,0.0,0.0,0.0,0.0,0.0,0.0,,,3T2021
65000.0,1509.91398072,0.0,0.0,0.0,0.0,0.0,0.0,,,3T2021
66001.0,998.31337127,0.0,0.0,0.0,0.0,0.0,0.0,,,3T2021
66002.0,3335.55415628,0.0,0.0,0.0,2196.17995846,0.0,0.0,,0.0,3T2021
68000.0,17423.236853849998,0.0,0.0,0.0,5262.49918214,0.0,0.0,,0.0,3T2021
69000.0,44896.599986880006,0.0,0.0,0.0,19913.50920514,0.0,0.0,,0.0,3T2021
70000.0,1196.4237345000001,0.0,0.0,0.0,388.80286667,0.0,0.0,,0.0,3T2021
71000.0,7106.514413319999,0.0,0.0,0.0,2661.63588548,0.0,0.0,,0.0,3T2021
73010.0,10684.006644520003,0.0,1132.38337723,0.0,4122.47936442,0.0,0.0,0.0,0.0,3T2021
74000.0,6656.28161767,0.0,0.0,0.0,4458.15211212,0.0,0.0,,0.0,3T2021
75000.0,2575.59543939,0.0,0.0,0.0,0.0,0.0,0.0,,,3T2021
77010.0,306.74880815,0.0,0.0,0.0,306.74880815,0.0,0.0,,0.0,3T2021
77020.0,1439.0857227000001,0.0,0.0,0.0,0.0,0.0,0.0,,,3T2021
78000.0,34907.28124378999,0.0,0.0,0.0,0.0,0.0,0.0,,,3T2021
79000.0,2252.37839718,0.0,0.0,0.0,0.0,0.0,0.0,,,3T2021
80000.0,17538.50275589,0.0,0.0,0.0,1761.66810397,0.0,0.0,,0.0,3T2021
81011.0,37044.856735509995,0.0,0.0,0.0,6704.16176694,0.0,0.0,,0.0,3T2021
81012.0,25246.071636140005,0.0,0.0,0.0,0.0,0.0,0.0,,,3T2021
81020.0,2797.56234469,0.0,0.0,0.0,0.0,0.0,0.0,,,3T2021
82001.0,3145.6395248900003,0.0,0.0,0.0,1996.0840881100003,0.0,0.0,,0.0,3T2021
82002.0,11888.92539252,0.0,0.0,0.0,0.0,0.0,0.0,,,3T2021
82003.0,4041.4059163599995,0.0,0.0,0.0,1040.51726751,0.0,0.0,,0.0,3T2021
82009.0,4422.4407351,0.0,0.0,0.0,386.24802257,0.0,0.0,,0.0,3T2021
84011.0,4136.73588649,0.0,0.0,0.0,0.0,0.0,0.0,,,3T2021
84012.0,13119.703180960001,0.0,0.0,0.0,0.0,0.0,0.0,,,3T2021
84013.0,116708.42858275001,0.0,0.0,0.0,0.0,0.0,0.0,,,3T2021
84014.0,8218.88232196,0.0,0.0,0.0,0.0,0.0,0.0,,,3T2021
84015.0,4048.78537865,0.0,0.0,0.0,0.0,0.0,0.0,,,3T2021
84016.0,44162.88392821999,0.0,0.0,0.0,0.0,0.0,0.0,,,3T2021
84017.0,5230.19482894,0.0,0.0,0.0,0.0,0.0,0.0,,,3T2021
84020.0,1434.16716143,0.0,0.0,0.0,0.0,0.0,0.0,,,3T2021
85011.0,3614.2117225,0.0,0.0,0.0,0.0,0.0,0.0,,,3T2021
85012.0,99356.86694374,0.0,0.0,0.0,0.0,0.0,0.0,,,3T2021
85013.0,45416.2700561,0.0,0.0,0.0,0.0,0.0,0.0,,,3T2021
85014.0,20931.05250952,0.0,0.0,0.0,0.0,0.0,0.0,,,3T2021
85029.0,19314.96679321,0.0,0.0,0.0,9999.751879809999,0.0,0.0,,0.0,3T2021
86001.0,84133.31432879,0.0,0.0,0.0,0.0,0.0,0.0,,,3T2021
86002.0,42844.56143781,0.0,1827.0339649799998,0.0,164.99045728,0.0,0.0,0.0,0.0,3T2021
86003.0,5004.15615321,0.0,0.0,0.0,0.0,0.0,0.0,,,3T2021
86004.0,14847.57568361,0.0,0.0,0.0,7280.36540342,0.0,0.0,,0.0,3T2021
86009.0,1168.51357479,0.0,0.0,0.0,1168.51357479,0.0,0.0,,0.0,3T2021
87000.0,5914.76209625,0.0,0.0,0.0,0.0,0.0,0.0,,,3T2021
88000.0,421.1477185,0.0,0.0,0.0,0.0,0.0,0.0,,,3T2021
90000.0,4475.153764819999,0.0,0.0,0.0,3459.08512758,0.0,0.0,,0.0,3T2021
91000.0,1288.23314368,0.0,0.0,0.0,0.0,0.0,0.0,,,3T2021
92000.0,12296.133376099999,0.0,0.0,0.0,3240.18288947,0.0,0.0,,0.0,3T2021
93011.0,1641.73122646,0.0,0.0,0.0,1059.92706681,0.0,0.0,,0.0,3T2021
93012.0,14918.73298788,0.0,0.0,0.0,2456.9914508,0.0,0.0,,0.0,3T2021
93020.0,2861.40452526,0.0,0.0,0.0,1669.55289988,0.0,0.0,,0.0,3T2021
94020.0,1820.8791302700001,0.0,0.0,0.0,0.0,0.0,0.0,,,3T2021
94091.0,4181.76928526,0.0,0.0,0.0,711.6146473,0.0,0.0,,0.0,3T2021
94099.0,2027.0982295200001,0.0,0.0,0.0,0.0,0.0,0.0,,,3T2021
95010.0,7539.78474989,0.0,963.71147636,0.0,4308.15397173,0.0,0.0,0.0,0.0,3T2021
95030.0,26026.122590109997,0.0,0.0,0.0,23289.082757419998,0.0,0.0,,0.0,3T2021
96010.0,4426.49728446,0.0,0.0,0.0,438.29258195,0.0,0.0,,0.0,3T2021
96020.0,90401.26996564001,0.0,994.97187801,0.0,78939.33961858998,0.0,0.0,0.0,0.0,3T2021
96030.0,4351.43756968,0.0,0.0,0.0,0.0,0.0,0.0,,,3T2021
96090.0,9532.96222287,0.0,767.80077267,0.0,4698.05934361,0.0,0.0,0.0,0.0,3T2021
97000.0,172310.36391994997,0.0,0.0,0.0,0.0,0.0,0.0,,,3T2021
0.0,6985.625651160001,0.0,0.0,0.0,4577.55188988,0.0,0.0,,0.0,4T2021
1102.0,55367.20382143,199282.7286325,162.82400358,0.0,38036.67505012,199282.7286325,3.5992919070868297,0.0,5.2392257832712765,4T2021
1103.0,273.39497418,0.0,0.0,0.0,0.0,0.0,0.0,,,4T2021
1105.0,33576.71136816,0.0,0.0,0.0,2735.86558174,0.0,0.0,,0.0,4T2021
1108.0,31468.328457569998,165468.813944,0.0,0.0,22371.99668827,165468.813944,5.25826512098055,,7.396247024779776,4T2021
1109.0,83460.35725825,256385.95013870002,0.0,0.0,59191.74268751001,256385.95013870002,3.07194886963363,,4.33144790975718,4T2021
1110.0,18272.32632494,0.0,0.0,0.0,10380.426743230002,0.0,0.0,,0.0,4T2021
1111.0,4144.87374235,0.0,0.0,0.0,2451.65637353,0.0,0.0,,0.0,4T2021
1112.0,702.23086649,0.0,0.0,0.0,214.45969169,0.0,0.0,,0.0,4T2021
1115.0,19430.2395195,0.0,0.0,0.0,1201.73459228,0.0,0.0,,0.0,4T2021
1116.0,20414.663122210004,0.0,0.0,0.0,13739.21677946,0.0,0.0,,0.0,4T2021
1117.0,27597.92475192,0.0,205.52184449,0.0,3373.25279581,0.0,0.0,0.0,0.0,4T2021
1119.0,13650.420255530002,279316.3078704,0.0,0.0,8591.921105020001,0.0,20.46210319109,,0.0,4T2021
1201.0,29490.00562931,0.0,0.0,0.0,9951.4872974,0.0,0.0,,0.0,4T2021
1202.0,818.14949085,0.0,0.0,0.0,213.05116032,0.0,0.0,,0.0,4T2021
1203.0,8832.85219119,0.0,0.0,0.0,5340.1067707600005,0.0,0.0,,0.0,4T2021
1204.0,1738.6596335499999,0.0,0.0,0.0,1738.6596335499999,0.0,0.0,,0.0,4T2021
1205.0,5882.81768168,0.0,0.0,0.0,449.10441772999997,0.0,0.0,,0.0,4T2021
1206.0,336.36336383,0.0,0.0,0.0,336.36336383,0.0,0.0,,0.0,4T2021
1209.0,149.44427926,0.0,0.0,0.0,149.44427926,0.0,0.0,,0.0,4T2021
1401.0,1743.29541404,0.0,0.0,0.0,551.14750807,0.0,0.0,,0.0,4T2021
1402.0,284.64118744,0.0,0.0,0.0,0.0,0.0,0.0,,,4T2021
2000.0,4463.4905815,0.0,0.0,0.0,2611.44817707,0.0,0.0,,0.0,4T2021
3001.0,5015.538412070001,0.0,0.0,0.0,4471.9760946100005,0.0,0.0,,0.0,4T2021
3002.0,527.30929793,0.0,0.0,0.0,152.44841311,0.0,0.0,,0.0,4T2021
6000.0,1463.88843379,0.0,0.0,0.0,0.0,0.0,0.0,,,4T2021
7002.0,919.70526776,0.0,0.0,0.0,0.0,0.0,0.0,,,4T2021
8001.0,5112.63125052,0.0,0.0,0.0,1177.82235286,0.0,0.0,,0.0,4T2021
10010.0,9872.271788729999,0.0,0.0,0.0,0.0,0.0,0.0,,,4T2021
10021.0,897.35167523,0.0,0.0,0.0,653.79901151,0.0,0.0,,0.0,4T2021
10022.0,564.26572356,0.0,0.0,0.0,0.0,0.0,0.0,,,4T2021
10030.0,4620.1036772,0.0,0.0,0.0,3309.1516412,0.0,0.0,,0.0,4T2021
10091.0,4768.09358297,0.0,0.0,0.0,225.85951845,0.0,0.0,,0.0,4T2021
10092.0,18353.66977883,0.0,0.0,0.0,0.0,0.0,0.0,,,4T2021
10099.0,29797.270467109996,0.0,0.0,0.0,0.0,0.0,0.0,,,4T2021
11000.0,3792.60713608,0.0,0.0,0.0,0.0,0.0,0.0,,,4T2021
13001.0,5702.97354449,0.0,0.0,0.0,1629.43412329,0.0,0.0,,0.0,4T2021
13002.0,14094.279000680002,0.0,0.0,0.0,9933.39120169,0.0,0.0,,0.0,4T2021
14001.0,94320.6755489,0.0,1230.49202936,0.0,38486.33345927,0.0,0.0,0.0,0.0,4T2021
14002.0,25934.99110798,0.0,470.17023686,0.0,20691.84445158,0.0,0.0,0.0,0.0,4T2021
15012.0,368.36384665,0.0,0.0,0.0,225.53657307,0.0,0.0,,0.0,4T2021
15020.0,4605.58718768,0.0,0.0,0.0,975.25478137,0.0,0.0,,0.0,4T2021
16001.0,1108.94154429,0.0,0.0,0.0,286.08731764,0.0,0.0,,0.0,4T2021
16002.0,8399.49405689,0.0,0.0,0.0,5768.0241424999995,0.0,0.0,,0.0,4T2021
17001.0,335.93676144,0.0,0.0,0.0,0.0,0.0,0.0,,,4T2021
17002.0,5229.032246559999,0.0,0.0,0.0,3038.90819725,0.0,0.0,,0.0,4T2021
18000.0,7910.95902573,0.0,0.0,0.0,1932.46995185,0.0,0.0,,0.0,4T2021
19020.0,1057.726927,0.0,0.0,0.0,0.0,0.0,0.0,,,4T2021
19030.0,50.04659325,0.0,0.0,0.0,0.0,0.0,0.0,,,4T2021
20010.0,765.78170955,0.0,0.0,0.0,0.0,0.0,0.0,,,4T2021
20020.0,5254.2970112600005,0.0,0.0,0.0,2711.97745311,0.0,0.0,,0.0,4T2021
20090.0,3736.8464916599996,0.0,0.0,0.0,0.0,0.0,0.0,,,4T2021
21000.0,1556.4369534500001,0.0,0.0,0.0,0.0,0.0,0.0,,,4T2021
22010.0,1617.66494237,0.0,0.0,0.0,0.0,0.0,0.0,,,4T2021
22020.0,10294.769624870001,0.0,0.0,0.0,0.0,0.0,0.0,,,4T2021
23091.0,9081.8805283,0.0,0.0,0.0,1372.65169182,0.0,0.0,,0.0,4T2021
23099.0,10624.15161491,0.0,0.0,0.0,1886.13829553,0.0,0.0,,0.0,4T2021
24001.0,595.85853016,0.0,0.0,0.0,0.0,0.0,0.0,,,4T2021
24002.0,3419.16183005,0.0,0.0,0.0,0.0,0.0,0.0,,,4T2021
25001.0,26861.61229713,0.0,1785.51866363,0.0,10872.706651129998,0.0,0.0,0.0,0.0,4T2021
25002.0,4454.5751385,0.0,0.0,0.0,1138.62878627,0.0,0.0,,0.0,4T2021
26041.0,931.38740085,0.0,0.0,0.0,0.0,0.0,0.0,,,4T2021
27090.0,7171.020607140001,0.0,0.0,0.0,0.0,0.0,0.0,,,4T2021
28000.0,258.78249676,0.0,0.0,0.0,0.0,0.0,0.0,,,4T2021
29001.0,9524.008165039999,0.0,0.0,0.0,0.0,0.0,0.0,,,4T2021
29002.0,971.07555642,0.0,0.0,0.0,0.0,0.0,0.0,,,4T2021
30010.0,769.52122164,0.0,0.0,0.0,0.0,0.0,0.0,,,4T2021
30090.0,1136.01619301,0.0,0.0,0.0,0.0,0.0,0.0,,,4T2021
31000.0,18967.68392762,0.0,0.0,0.0,8125.16502513,0.0,0.0,,0.0,4T2021
32009.0,1601.80853205,0.0,0.0,0.0,980.8505004799999,0.0,0.0,,0.0,4T2021
33001.0,3263.85119904,0.0,0.0,0.0,1197.77014726,0.0,0.0,,0.0,4T2021
33002.0,1759.47388159,0.0,0.0,0.0,0.0,0.0,0.0,,,4T2021
35010.0,6597.18020044,0.0,0.0,0.0,0.0,0.0,0.0,,,4T2021
35021.0,652.44874188,0.0,0.0,0.0,0.0,0.0,0.0,,,4T2021
36000.0,4763.56657708,0.0,0.0,0.0,320.90587265,0.0,0.0,,0.0,4T2021
38000.0,4343.76210915,0.0,0.0,0.0,0.0,0.0,0.0,,,4T2021
41000.0,172576.16475965,0.0,226.39767495,0.0,95992.5776362,0.0,0.0,0.0,0.0,4T2021
42000.0,19143.10480267,0.0,0.0,0.0,759.34793506,0.0,0.0,,0.0,4T2021
43000.0,46589.01651382001,0.0,1081.34192484,0.0,31620.16535911,0.0,0.0,0.0,0.0,4T2021
45010.0,10653.810812610001,0.0,509.2095058,0.0,3520.2712264300003,0.0,0.0,0.0,0.0,4T2021
45020.0,59513.888263400004,0.0,0.0,0.0,24886.91554497,0.0,0.0,,0.0,4T2021
45030.0,9313.9266927,0.0,2297.43118058,0.0,1168.29353379,0.0,0.0,0.0,0.0,4T2021
45040.0,9730.8615154,0.0,0.0,0.0,6256.18713792,0.0,0.0,,0.0,4T2021
48010.0,2104.30538367,0.0,0.0,0.0,667.54848144,0.0,0.0,,0.0,4T2021
48020.0,5833.5503037,0.0,0.0,0.0,3081.0425808100003,0.0,0.0,,0.0,4T2021
48030.0,168710.67226934998,0.0,2759.8383978600004,0.0,71967.62830228999,0.0,0.0,0.0,0.0,4T2021
48041.0,3563.47627279,0.0,0.0,0.0,792.8463569099999,0.0,0.0,,0.0,4T2021
48042.0,71817.93014488,0.0,1532.54902086,0.0,30478.53548003,0.0,0.0,0.0,0.0,4T2021
48050.0,44229.499595119996,0.0,487.6200238,0.0,3805.26593491,0.0,0.0,0.0,0.0,4T2021
48060.0,15399.76222557,0.0,0.0,0.0,0.0,0.0,0.0,,,4T2021
48071.0,74197.52502661,0.0,1528.28432752,0.0,30366.5796153,0.0,0.0,0.0,0.0,4T2021
48072.0,5895.339582539999,0.0,0.0,0.0,556.94515908,0.0,0.0,,0.0,4T2021
48073.0,35863.60775267,0.0,0.0,0.0,8878.4279744,0.0,0.0,,0.0,4T2021
48074.0,5461.82210697,0.0,338.52845805,0.0,2734.28633679,0.0,0.0,0.0,0.0,4T2021
48075.0,3094.37576218,0.0,0.0,0.0,0.0,0.0,0.0,,,4T2021
48076.0,6935.56408291,0.0,0.0,0.0,0.0,0.0,0.0,,,4T2021
48077.0,641.95625451,0.0,0.0,0.0,641.95625451,0.0,0.0,,0.0,4T2021
48078.0,9604.058762360002,0.0,0.0,0.0,8549.77867742,0.0,0.0,,0.0,4T2021
48079.0,33933.67089327,0.0,0.0,0.0,15978.38916612,0.0,0.0,,0.0,4T2021
48080.0,62801.681661610004,0.0,210.9938134,0.0,0.0,0.0,0.0,0.0,,4T2021
48090.0,8068.33913991,0.0,0.0,0.0,2890.13222814,0.0,0.0,,0.0,4T2021
48100.0,59138.99992744,0.0,821.8190535900001,0.0,46703.391590839994,0.0,0.0,0.0,0.0,4T2021
49010.0,2196.97933055,0.0,0.0,0.0,0.0,0.0,0.0,,,4T2021
49030.0,99118.64638667,0.0,0.0,0.0,82480.12099839,0.0,0.0,,0.0,4T2021
49040.0,49067.914547190005,0.0,0.0,0.0,16433.78028172,0.0,0.0,,0.0,4T2021
50000.0,3111.6716721599996,0.0,0.0,0.0,0.0,0.0,0.0,,,4T2021
51000.0,2980.27821344,0.0,0.0,0.0,0.0,0.0,0.0,,,4T2021
52010.0,2267.14701192,0.0,0.0,0.0,671.1417601999999,0.0,0.0,,0.0,4T2021
52020.0,8197.77065813,0.0,0.0,0.0,0.0,0.0,0.0,,,4T2021
53001.0,2557.11041917,0.0,0.0,0.0,0.0,0.0,0.0,,,4T2021
53002.0,22513.091420880006,0.0,0.0,0.0,18934.196730740005,0.0,0.0,,0.0,4T2021
55000.0,21698.87240316,0.0,0.0,0.0,0.0,0.0,0.0,,,4T2021
56011.0,136071.61733587,0.0,2613.42279251,0.0,41991.771335909994,0.0,0.0,0.0,0.0,4T2021
56012.0,45798.295612099995,0.0,285.98110142,0.0,33400.47550922,0.0,0.0,0.0,0.0,4T2021
56020.0,33467.996140409996,0.0,0.0,0.0,29161.45774936,0.0,0.0,,0.0,4T2021
58000.0,1771.93841358,0.0,0.0,0.0,0.0,0.0,0.0,,,4T2021
59000.0,1642.11237149,0.0,0.0,0.0,1642.11237149,0.0,0.0,,0.0,4T2021
60001.0,1827.3240571200001,0.0,0.0,0.0,0.0,0.0,0.0,,,4T2021
60002.0,541.90871142,0.0,0.0,0.0,541.90871142,0.0,0.0,,0.0,4T2021
61000.0,16044.558796140002,0.0,0.0,0.0,1841.3531795499998,0.0,0.0,,0.0,4T2021
62000.0,19118.07568111,0.0,0.0,0.0,4166.62069364,0.0,0.0,,0.0,4T2021
63000.0,2662.6631307,0.0,0.0,0.0,1606.41578395,0.0,0.0,,0.0,4T2021
64000.0,22114.52670222,0.0,0.0,0.0,0.0,0.0,0.0,,,4T2021
65000.0,1889.16145391,0.0,0.0,0.0,0.0,0.0,0.0,,,4T2021
66001.0,1985.01660482,0.0,0.0,0.0,0.0,0.0,0.0,,,4T2021
66002.0,4588.491530079999,0.0,0.0,0.0,2350.51096912,0.0,0.0,,0.0,4T2021
68000.0,22467.24610779,0.0,0.0,0.0,9911.13845953,0.0,0.0,,0.0,4T2021
69000.0,41887.05300321001,0.0,0.0,0.0,11854.84080927,0.0,0.0,,0.0,4T2021
70000.0,6341.63461594,0.0,0.0,0.0,2513.55680414,0.0,0.0,,0.0,4T2021
71000.0,8133.97793818,0.0,0.0,0.0,2139.74973728,0.0,0.0,,0.0,4T2021
72000.0,489.17244616,0.0,0.0,0.0,0.0,0.0,0.0,,,4T2021
73010.0,8829.09047921,0.0,1169.14989217,0.0,708.5444400599999,0.0,0.0,0.0,0.0,4T2021
73020.0,338.64913992,0.0,0.0,0.0,0.0,0.0,0.0,,,4T2021
74000.0,6599.423317260001,0.0,0.0,0.0,3703.22149188,0.0,0.0,,0.0,4T2021
75000.0,1633.81718629,0.0,0.0,0.0,0.0,0.0,0.0,,,4T2021
77010.0,2167.41934232,0.0,0.0,0.0,2167.41934232,0.0,0.0,,0.0,4T2021
77020.0,4971.14973872,0.0,0.0,0.0,0.0,0.0,0.0,,,4T2021
78000.0,30985.12975428,0.0,0.0,0.0,0.0,0.0,0.0,,,4T2021
79000.0,3205.65445941,0.0,0.0,0.0,1095.28632494,0.0,0.0,,0.0,4T2021
80000.0,21621.425808429998,0.0,0.0,0.0,1238.13171667,0.0,0.0,,0.0,4T2021
81011.0,36535.623080800004,0.0,0.0,0.0,2677.06462853,0.0,0.0,,0.0,4T2021
81012.0,28460.96230905,0.0,0.0,0.0,0.0,0.0,0.0,,,4T2021
81020.0,5419.00092245,0.0,0.0,0.0,0.0,0.0,0.0,,,4T2021
82001.0,1161.56866539,0.0,0.0,0.0,207.31801809,0.0,0.0,,0.0,4T2021
82002.0,14633.429496469998,0.0,0.0,0.0,0.0,0.0,0.0,,,4T2021
82003.0,4519.36975413,0.0,0.0,0.0,734.81760387,0.0,0.0,,0.0,4T2021
82009.0,8276.87431139,0.0,0.0,0.0,373.75235159,0.0,0.0,,0.0,4T2021
84011.0,6804.43710532,0.0,0.0,0.0,0.0,0.0,0.0,,,4T2021
84012.0,14567.74749291,0.0,0.0,0.0,0.0,0.0,0.0,,,4T2021
84013.0,114935.35170938002,0.0,0.0,0.0,0.0,0.0,0.0,,,4T2021
84014.0,9132.16025992,0.0,0.0,0.0,0.0,0.0,0.0,,,4T2021
84015.0,5590.796517669999,0.0,0.0,0.0,0.0,0.0,0.0,,,4T2021
84016.0,34600.492487640004,0.0,0.0,0.0,0.0,0.0,0.0,,,4T2021
84017.0,5411.01754933,0.0,0.0,0.0,0.0,0.0,0.0,,,4T2021
84020.0,789.02224862,0.0,0.0,0.0,0.0,0.0,0.0,,,4T2021
85011.0,7085.528006929999,0.0,0.0,0.0,0.0,0.0,0.0,,,4T2021
85012.0,90502.51402414,0.0,0.0,0.0,0.0,0.0,0.0,,,4T2021
85013.0,55841.54519384001,0.0,0.0,0.0,0.0,0.0,0.0,,,4T2021
85014.0,18656.564894900002,0.0,0.0,0.0,0.0,0.0,0.0,,,4T2021
85029.0,25182.2631129,0.0,205.08159689,0.0,13002.837843430001,0.0,0.0,0.0,0.0,4T2021
86001.0,79172.95372037,0.0,0.0,0.0,0.0,0.0,0.0,,,4T2021
86002.0,53348.10124044,0.0,1959.02819242,0.0,549.01082438,0.0,0.0,0.0,0.0,4T2021
86003.0,5844.762578680001,0.0,0.0,0.0,0.0,0.0,0.0,,,4T2021
86004.0,12479.669979139999,0.0,0.0,0.0,7004.812008390001,0.0,0.0,,0.0,4T2021
86009.0,781.4580938199999,0.0,0.0,0.0,597.02491158,0.0,0.0,,0.0,4T2021
87000.0,3175.22229743,0.0,0.0,0.0,0.0,0.0,0.0,,,4T2021
88000.0,363.78356148,0.0,0.0,0.0,0.0,0.0,0.0,,,4T2021
90000.0,4377.05448138,0.0,1064.01375029,0.0,3033.1114664,0.0,0.0,0.0,0.0,4T2021
91000.0,1885.8724572300002,0.0,0.0,0.0,0.0,0.0,0.0,,,4T2021
92000.0,22017.256597519998,0.0,0.0,0.0,7855.09297028,0.0,0.0,,0.0,4T2021
93011.0,729.83199654,0.0,0.0,0.0,729.83199654,0.0,0.0,,0.0,4T2021
93012.0,10707.57739249,0.0,0.0,0.0,787.44925922,0.0,0.0,,0.0,4T2021
93020.0,1974.18455556,0.0,0.0,0.0,0.0,0.0,0.0,,,4T2021
94020.0,1781.93249483,0.0,0.0,0.0,0.0,0.0,0.0,,,4T2021
94091.0,5059.46538755,0.0,0.0,0.0,910.0489391799999,0.0,0.0,,0.0,4T2021
94099.0,2324.1445779600003,0.0,0.0,0.0,0.0,0.0,0.0,,,4T2021
95010.0,4973.13176591,0.0,0.0,0.0,3842.5200673500003,0.0,0.0,,0.0,4T2021
95030.0,26325.548778130003,0.0,0.0,0.0,21674.218270700003,0.0,0.0,,0.0,4T2021
96010.0,7130.326374530001,0.0,0.0,0.0,2988.22781649,0.0,0.0,,0.0,4T2021
96020.0,93770.82054838,0.0,785.37761892,0.0,80547.98529546,0.0,0.0,0.0,0.0,4T2021
96030.0,4207.19842401,0.0,0.0,0.0,0.0,0.0,0.0,,,4T2021
96090.0,11022.37504085,0.0,1273.80198394,0.0,6210.77355952,0.0,0.0,0.0,0.0,4T2021
97000.0,187606.15330075,0.0,0.0,0.0,0.0,0.0,0.0,,,4T2021
